report;sys_time;sim_state;net_op_name;net_op_code;roaming;net_type;call_state;data_state;data_act;data_rx;data_tx;gsm_neighbors;umts_neighbors;lte_neighbors;rssi_strongest;tech;mcc;mnc;lac_tac;node_id;cid;psc_pci;rssi;rsrq;rssnr;slev;gps;accuracy;lat;long;band;arfcn;bts_psc_pci;bts_band;bts_arfcn;site_name;site_lat;site_long;cell_name;azimuth;height;tilt_mech;tilt_el;
0;20210118183407;READY;airtel;40552;0;LTE;IDLE;CONNECTED;INOUT;584402473;49425269;0;0;0;2147483647;LTE;405;52;8006;903033;23;446;-102;-12;55;2;0;-1;-1.0;-1.0;1800;1457;null;null;null;null;;;null;null;null;null;null;
1;20210118183408;READY;airtel;40552;0;LTE;IDLE;CONNECTED;INOUT;584402473;49425350;0;0;0;2147483647;LTE;405;52;8006;903033;23;446;-102;-12;55;2;0;-1;-1.0;-1.0;1800;1457;null;null;null;null;;;null;null;null;null;null;
2;20210118183409;READY;airtel;40552;0;LTE;IDLE;CONNECTED;INOUT;584410162;49427801;0;0;0;2147483647;LTE;405;52;8006;903033;23;446;-102;-12;55;2;0;-1;-1.0;-1.0;1800;1457;null;null;null;null;;;null;null;null;null;null;
3;20210118183410;READY;airtel;40552;0;LTE;IDLE;CONNECTED;INOUT;584411027;49428984;0;0;0;2147483647;LTE;405;52;8006;903033;23;446;-102;-13;42;2;0;-1;-1.0;-1.0;1800;1457;null;null;null;null;;;null;null;null;null;null;
4;20210118183411;READY;airtel;40552;0;LTE;IDLE;CONNECTED;INOUT;584411209;49429064;0;0;0;2147483647;LTE;405;52;8006;903033;23;446;-102;-13;42;2;0;-1;-1.0;-1.0;1800;1457;null;null;null;null;;;null;null;null;null;null;
5;20210118183412;READY;airtel;40552;0;LTE;IDLE;CONNECTED;INOUT;584411209;49429064;0;0;0;2147483647;LTE;405;52;8006;903033;23;446;-102;-13;45;2;0;-1;-1.0;-1.0;1800;1457;null;null;null;null;;;null;null;null;null;null;
6;20210118183413;READY;airtel;40552;0;LTE;IDLE;CONNECTED;NONE;584411209;49429204;0;0;0;2147483647;LTE;405;52;8006;903033;23;446;-101;-13;45;2;0;-1;-1.0;-1.0;1800;1457;null;null;null;null;;;null;null;null;null;null;
7;20210118183414;READY;airtel;40552;0;LTE;IDLE;CONNECTED;OUT;584411209;49429204;0;0;0;2147483647;LTE;405;52;8006;903033;23;446;-101;-13;45;2;0;-1;-1.0;-1.0;1800;1457;null;null;null;null;;;null;null;null;null;null;
8;20210118183415;READY;airtel;40552;0;LTE;IDLE;CONNECTED;NONE;584411209;49429204;0;0;0;2147483647;LTE;405;52;8006;903033;23;446;-101;-13;47;2;0;-1;-1.0;-1.0;1800;1457;null;null;null;null;;;null;null;null;null;null;
9;20210118183416;READY;airtel;40552;0;LTE;IDLE;CONNECTED;NONE;584412806;49429776;0;0;0;2147483647;LTE;405;52;8006;803033;15;166;-107;-11;47;1;0;-1;-1.0;-1.0;2300;39000;null;null;null;null;;;null;null;null;null;null;
10;20210118183417;READY;airtel;40552;0;LTE;IDLE;CONNECTED;INOUT;584417020;49431548;0;0;0;2147483647;LTE;405;52;8006;803033;15;166;-107;-11;47;1;0;-1;-1.0;-1.0;2300;39000;null;null;null;null;;;null;null;null;null;null;
11;20210118183418;READY;airtel;40552;0;LTE;IDLE;CONNECTED;INOUT;584423051;49434333;0;0;0;2147483647;LTE;405;52;8006;803033;15;166;-107;-11;2147483647;1;0;-1;-1.0;-1.0;2300;39000;null;null;null;null;;;null;null;null;null;null;
12;20210118183419;READY;airtel;40552;0;LTE;IDLE;CONNECTED;INOUT;584423051;49434333;0;0;0;2147483647;LTE;405;52;8006;803033;15;166;-108;-15;2147483647;1;0;-1;-1.0;-1.0;2300;39000;null;null;null;null;;;null;null;null;null;null;
13;20210118183420;READY;airtel;40552;0;LTE;IDLE;CONNECTED;NONE;584423611;49435892;0;0;0;2147483647;LTE;405;52;8006;803033;15;166;-108;-15;2147483647;1;0;-1;-1.0;-1.0;2300;39000;null;null;null;null;;;null;null;null;null;null;
14;20210118183421;READY;airtel;40552;0;LTE;IDLE;CONNECTED;INOUT;584423611;49435932;0;0;0;2147483647;LTE;405;52;8006;803033;15;166;-108;-15;2147483647;1;0;-1;-1.0;-1.0;2300;39000;null;null;null;null;;;null;null;null;null;null;
15;20210118183422;READY;airtel;40552;0;LTE;IDLE;CONNECTED;NONE;584423611;49435932;0;0;0;2147483647;LTE;405;52;8006;803033;15;166;-108;-15;2147483647;1;0;-1;-1.0;-1.0;2300;39000;null;null;null;null;;;null;null;null;null;null;
16;20210118183423;READY;airtel;40552;0;LTE;IDLE;CONNECTED;NONE;584423611;49435932;0;0;0;2147483647;LTE;405;52;8006;803033;15;166;-112;-13;2147483647;1;0;-1;-1.0;-1.0;2300;39000;null;null;null;null;;;null;null;null;null;null;
17;20210118183424;READY;airtel;40552;0;LTE;IDLE;CONNECTED;NONE;584423611;49435932;0;0;0;2147483647;LTE;405;52;8006;803033;15;166;-112;-13;2147483647;1;0;-1;-1.0;-1.0;2300;39000;null;null;null;null;;;null;null;null;null;null;
18;20210118183425;READY;airtel;40552;0;LTE;IDLE;CONNECTED;NONE;584423611;49435932;0;0;0;2147483647;LTE;405;52;8006;803033;15;166;-112;-13;2147483647;1;0;-1;-1.0;-1.0;2300;39000;null;null;null;null;;;null;null;null;null;null;
19;20210118183426;READY;airtel;40552;0;LTE;IDLE;CONNECTED;NONE;584423611;49435932;0;0;0;2147483647;LTE;405;52;8006;803033;15;166;-116;-14;2147483647;0;0;-1;-1.0;-1.0;2300;39000;null;null;null;null;;;null;null;null;null;null;
20;20210118183427;READY;airtel;40552;0;LTE;IDLE;CONNECTED;NONE;584423611;49435932;0;0;0;2147483647;LTE;405;52;8006;803033;15;166;-116;-14;2147483647;0;0;-1;-1.0;-1.0;2300;39000;null;null;null;null;;;null;null;null;null;null;
21;20210118183428;READY;airtel;40552;0;LTE;IDLE;CONNECTED;INOUT;584424097;49436356;0;0;0;2147483647;LTE;405;52;8006;803033;15;166;-116;-14;2147483647;0;0;-1;-1.0;-1.0;2300;39000;null;null;null;null;;;null;null;null;null;null;
22;20210118183429;READY;airtel;40552;0;LTE;IDLE;CONNECTED;INOUT;584424097;49436456;0;0;0;2147483647;LTE;405;52;8006;803033;15;166;-115;-16;2147483647;1;0;-1;-1.0;-1.0;2300;39000;null;null;null;null;;;null;null;null;null;null;
23;20210118183430;READY;airtel;40552;0;LTE;IDLE;CONNECTED;OUT;584424097;49436456;0;0;0;2147483647;LTE;405;52;8006;803033;15;166;-115;-16;2147483647;1;0;-1;-1.0;-1.0;2300;39000;null;null;null;null;;;null;null;null;null;null;
24;20210118183431;READY;airtel;40552;0;LTE;IDLE;CONNECTED;NONE;584424554;49436706;0;0;0;2147483647;LTE;405;52;8006;803033;15;166;-115;-16;2147483647;1;0;-1;-1.0;-1.0;2300;39000;null;null;null;null;;;null;null;null;null;null;
25;20210118183432;READY;airtel;40552;0;LTE;IDLE;CONNECTED;INOUT;584429391;49437383;0;0;0;2147483647;LTE;405;52;8006;803033;15;166;-115;-16;2147483647;1;0;-1;-1.0;-1.0;2300;39000;null;null;null;null;;;null;null;null;null;null;
26;20210118183433;READY;airtel;40552;0;LTE;IDLE;CONNECTED;INOUT;584429391;49437383;0;0;0;2147483647;LTE;405;52;8006;803033;15;166;-115;-16;2147483647;1;0;-1;-1.0;-1.0;2300;39000;null;null;null;null;;;null;null;null;null;null;
27;20210118183434;READY;airtel;40552;0;LTE;IDLE;CONNECTED;NONE;584429391;49437383;0;0;0;2147483647;LTE;405;52;8006;803033;15;166;-115;-15;2147483647;1;0;-1;-1.0;-1.0;2300;39000;null;null;null;null;;;null;null;null;null;null;
28;20210118183435;READY;airtel;40552;0;LTE;IDLE;CONNECTED;NONE;584429391;49437383;0;0;0;2147483647;LTE;405;52;8006;803033;15;166;-115;-15;2147483647;1;0;-1;-1.0;-1.0;2300;39000;null;null;null;null;;;null;null;null;null;null;
29;20210118183436;READY;airtel;40552;0;LTE;IDLE;CONNECTED;NONE;584429391;49437383;0;0;0;2147483647;LTE;405;52;8006;803033;15;166;-115;-15;2147483647;1;0;-1;-1.0;-1.0;2300;39000;null;null;null;null;;;null;null;null;null;null;
30;20210118183437;READY;airtel;40552;0;LTE;IDLE;CONNECTED;INOUT;584431049;49438630;0;0;0;2147483647;LTE;405;52;8006;803033;15;166;-116;-15;2147483647;0;0;-1;-1.0;-1.0;2300;39000;null;null;null;null;;;null;null;null;null;null;
31;20210118183438;READY;airtel;40552;0;LTE;IDLE;CONNECTED;INOUT;584431757;49439278;0;0;0;2147483647;LTE;405;52;8006;803033;15;166;-116;-15;2147483647;0;0;-1;-1.0;-1.0;2300;39000;null;null;null;null;;;null;null;null;null;null;
32;20210118183439;READY;airtel;40552;0;LTE;IDLE;CONNECTED;INOUT;584431757;49439278;0;0;0;2147483647;LTE;405;52;8006;803033;15;166;-116;-16;2147483647;0;0;-1;-1.0;-1.0;2300;39000;null;null;null;null;;;null;null;null;null;null;
33;20210118183440;READY;airtel;40552;0;LTE;IDLE;CONNECTED;NONE;584431757;49439278;0;0;0;2147483647;LTE;405;52;8006;803033;15;166;-116;-16;2147483647;0;0;-1;-1.0;-1.0;2300;39000;null;null;null;null;;;null;null;null;null;null;
34;20210118183441;READY;airtel;40552;0;LTE;IDLE;CONNECTED;NONE;584432131;49439588;0;0;5;-107;LTE;405;52;8006;803033;15;166;-116;-17;2147483647;0;0;-1;-1.0;-1.0;2300;39000;null;null;null;null;;;null;null;null;null;null;
35;20210118183442;READY;airtel;40552;0;LTE;IDLE;CONNECTED;INOUT;584432505;49439826;0;0;5;-107;LTE;405;52;8006;803033;15;166;-116;-17;2147483647;0;0;-1;-1.0;-1.0;2300;39000;null;null;null;null;;;null;null;null;null;null;
36;20210118183443;READY;airtel;40552;0;LTE;IDLE;CONNECTED;IN;584432505;49439826;0;0;4;-108;LTE;405;52;8006;803033;15;166;-116;-16;2147483647;0;0;-1;-1.0;-1.0;2300;39000;null;null;null;null;;;null;null;null;null;null;
37;20210118183444;READY;airtel;40552;0;LTE;IDLE;CONNECTED;NONE;584432505;49439826;0;0;4;-108;LTE;405;52;8006;803033;15;166;-116;-16;2147483647;0;0;-1;-1.0;-1.0;2300;39000;null;null;null;null;;;null;null;null;null;null;
38;20210118183445;READY;airtel;40552;0;LTE;IDLE;CONNECTED;INOUT;584433662;49441950;0;0;4;-108;LTE;405;52;8006;803033;15;166;-116;-16;2147483647;0;0;-1;-1.0;-1.0;2300;39000;null;null;null;null;;;null;null;null;null;null;
39;20210118183446;READY;airtel;40552;0;LTE;IDLE;CONNECTED;INOUT;584435056;49446460;0;0;4;-108;LTE;405;52;8006;803033;15;166;-116;-17;2147483647;0;0;-1;-1.0;-1.0;2300;39000;null;null;null;null;;;null;null;null;null;null;
40;20210118183447;READY;airtel;40552;0;LTE;IDLE;CONNECTED;INOUT;584435713;49446500;0;0;4;-108;LTE;405;52;8006;803033;15;166;-116;-17;2147483647;0;0;-1;-1.0;-1.0;2300;39000;null;null;null;null;;;null;null;null;null;null;
41;20210118183448;READY;airtel;40552;0;LTE;IDLE;CONNECTED;INOUT;584436087;49446738;0;0;4;-107;LTE;405;52;8006;803033;15;166;-116;-16;2147483647;0;0;-1;-1.0;-1.0;2300;39000;null;null;null;null;;;null;null;null;null;null;
42;20210118183449;READY;airtel;40552;0;LTE;IDLE;CONNECTED;INOUT;584436685;49447209;0;0;4;-107;LTE;405;52;8006;803033;15;166;-116;-16;2147483647;0;0;-1;-1.0;-1.0;2300;39000;null;null;null;null;;;null;null;null;null;null;
43;20210118183450;READY;airtel;40552;0;LTE;IDLE;CONNECTED;INOUT;584436973;49447491;0;0;5;-106;LTE;405;52;8006;803033;15;166;-113;-17;2147483647;1;0;-1;-1.0;-1.0;2300;39000;null;null;null;null;;;null;null;null;null;null;
44;20210118183451;READY;airtel;40552;0;LTE;IDLE;CONNECTED;INOUT;584437695;49448167;0;0;5;-106;LTE;405;52;8006;803033;15;166;-113;-17;2147483647;1;0;-1;-1.0;-1.0;2300;39000;null;null;null;null;;;null;null;null;null;null;
45;20210118183452;READY;airtel;40552;0;LTE;IDLE;CONNECTED;INOUT;584438069;49448477;0;0;4;-107;LTE;405;52;8006;803033;15;166;-115;-16;2147483647;1;0;-1;-1.0;-1.0;2300;39000;null;null;null;null;;;null;null;null;null;null;
46;20210118183453;READY;airtel;40552;0;LTE;IDLE;CONNECTED;INOUT;584438277;49448697;0;0;4;-107;LTE;405;52;8006;803033;15;166;-115;-16;12;1;0;-1;-1.0;-1.0;2300;39000;null;null;null;null;;;null;null;null;null;null;
47;20210118183454;READY;airtel;40552;0;LTE;IDLE;CONNECTED;OUT;584438277;49448697;0;0;4;-107;LTE;405;52;8006;803033;15;166;-115;-16;12;1;0;-1;-1.0;-1.0;2300;39000;null;null;null;null;;;null;null;null;null;null;
48;20210118183455;READY;airtel;40552;0;LTE;IDLE;CONNECTED;NONE;584438277;49448697;0;0;3;-106;LTE;405;52;8006;803033;15;166;-116;-17;12;0;0;-1;-1.0;-1.0;2300;39000;null;null;null;null;;;null;null;null;null;null;
49;20210118183456;READY;airtel;40552;0;LTE;IDLE;CONNECTED;NONE;584438277;49448697;0;0;3;-106;LTE;405;52;8006;803033;15;166;-116;-17;7;0;0;-1;-1.0;-1.0;2300;39000;null;null;null;null;;;null;null;null;null;null;
50;20210118183457;READY;airtel;40552;0;LTE;IDLE;CONNECTED;NONE;584438277;49448697;0;0;3;-106;LTE;405;52;8006;803033;15;166;-113;-17;100;1;0;-1;-1.0;-1.0;2300;39000;null;null;null;null;;;null;null;null;null;null;
51;20210118183458;READY;airtel;40552;0;LTE;IDLE;CONNECTED;NONE;584438277;49448697;0;0;3;-106;LTE;405;52;8006;803033;15;166;-113;-17;100;1;0;-1;-1.0;-1.0;2300;39000;null;null;null;null;;;null;null;null;null;null;
52;20210118183459;READY;airtel;40552;0;LTE;IDLE;CONNECTED;NONE;584438277;49448697;0;0;3;-106;LTE;405;52;8006;803033;15;166;-113;-17;100;1;0;-1;-1.0;-1.0;2300;39000;null;null;null;null;;;null;null;null;null;null;
53;20210118183500;READY;airtel;40552;0;LTE;IDLE;CONNECTED;NONE;584438277;49448697;0;0;0;2147483647;LTE;405;52;8006;803033;15;166;-113;-13;100;1;0;-1;-1.0;-1.0;2300;39000;null;null;null;null;;;null;null;null;null;null;
54;20210118183501;READY;airtel;40552;0;LTE;IDLE;CONNECTED;NONE;584438277;49448697;0;0;0;2147483647;LTE;405;52;8006;803033;15;166;-113;-13;100;1;0;-1;-1.0;-1.0;2300;39000;null;null;null;null;;;null;null;null;null;null;
55;20210118183502;READY;airtel;40552;0;LTE;IDLE;CONNECTED;NONE;584438277;49448697;0;0;0;2147483647;LTE;405;52;8006;803033;15;166;-112;-13;100;1;0;-1;-1.0;-1.0;2300;39000;null;null;null;null;;;null;null;null;null;null;
56;20210118183503;READY;airtel;40552;0;LTE;IDLE;CONNECTED;INOUT;584438533;49449032;0;0;0;2147483647;LTE;405;52;8006;803033;15;166;-112;-13;2147483647;1;0;-1;-1.0;-1.0;2300;39000;null;null;null;null;;;null;null;null;null;null;
57;20210118183504;READY;airtel;40552;0;LTE;IDLE;CONNECTED;INOUT;584438533;49449032;0;0;0;2147483647;LTE;405;52;8006;803033;15;166;-112;-13;2147483647;1;0;-1;-1.0;-1.0;2300;39000;null;null;null;null;;;null;null;null;null;null;
58;20210118183505;READY;airtel;40552;0;LTE;IDLE;CONNECTED;NONE;584438533;49449032;0;0;0;2147483647;LTE;405;52;8006;803033;15;166;-111;-13;2147483647;1;0;-1;-1.0;-1.0;2300;39000;null;null;null;null;;;null;null;null;null;null;
59;20210118183506;READY;airtel;40552;0;LTE;IDLE;CONNECTED;NONE;584438533;49449032;0;0;0;2147483647;LTE;405;52;8006;803033;15;166;-111;-13;2147483647;1;0;-1;-1.0;-1.0;2300;39000;null;null;null;null;;;null;null;null;null;null;
60;20210118183507;READY;airtel;40552;0;LTE;IDLE;CONNECTED;NONE;584438533;49449032;0;0;0;2147483647;LTE;405;52;8006;803033;15;166;-111;-14;2147483647;1;0;-1;-1.0;-1.0;2300;39000;null;null;null;null;;;null;null;null;null;null;